Submission id,Participant id,Status,Custom study tncs accepted at,Started at,Completed at,Reviewed at,Archived at,Time taken,Completion code,Total approvals,Computer programming,Programming languages,Age,Sex,Ethnicity simplified,Country of birth,Country of residence,Nationality,Language,Student status,Employment status,Primary language,projectName
66179f701abe7d086651c108,60cf3ea49731e4fed5ce742e,APPROVED,Not Applicable,2024-04-11T08:34:39.321000Z,2024-04-11T08:51:01.421000Z,2024-05-02T16:11:59.682000Z,2024-04-11T08:51:03.861822Z,983.0,C8MRP57T,339,Yes,"PHP, Matlab, HTML, Javascript, CSS",31,Female,Black,South Africa,South Africa,South Africa,English,No,Full-Time,,online-easy-ransom-notes-with
6617a2dd8105a4f3cb4617cf,657b106d15f391f12c30ee8d,APPROVED,Not Applicable,2024-04-11T08:44:13.386000Z,2024-04-11T09:07:32.952000Z,2024-05-02T16:12:00.533000Z,2024-04-11T09:07:43.018492Z,1400.0,C8MRP57T,54,Yes,"C#, HTML, Python, CSS, SQL, Javascript",26,Male,Black,South Africa,South Africa,South Africa,English,No,Part-Time,,online-easy-ransom-notes-with
6617a2e8ba14cf2daf9b9cd4,659ecd99cbaea58e46b35186,APPROVED,Not Applicable,2024-04-11T08:44:28.657000Z,2024-04-11T09:03:41.745000Z,2024-05-02T16:12:00.945000Z,2024-04-11T09:03:55.249561Z,1154.0,C8MRP57T,38,Yes,"C#, HTML, Python, SQL, Javascript, CSS, Java",37,Female,White,Switzerland,Switzerland,Switzerland,German,No,Full-Time,,online-easy-ransom-notes-with
6617a22749e79e28064702ef,5bf5893f3a426e00019e42bc,APPROVED,Not Applicable,2024-04-11T08:41:27.857000Z,2024-04-11T08:55:38.990000Z,2024-05-02T16:11:38.155000Z,2024-04-11T08:56:02.715467Z,852.0,C8MRP57T,521,Yes,"C and C++, CSS, HTML, Javascript",32,Female,White,Portugal,Portugal,Portugal,Portuguese,Yes,Part-Time,,online-easy-ransom-notes-without
6617a61c49e79e280647041a,65895cc810c582df1d708a65,APPROVED,Not Applicable,2024-04-11T08:58:04.237000Z,2024-04-11T09:12:25.019000Z,2024-05-02T16:11:40.051000Z,2024-04-11T09:12:25.723942Z,861.0,C8MRP57T,47,Yes,"HTML, Javascript, C#, C and C++",30,Female,Asian,Sri Lanka,Latvia,Sri Lanka,English,Yes,Unemployed (and job seeking),,online-easy-ransom-notes-without
6617b1259e56ae4f89562696,60ec51c51a3158a50ded8a3e,APPROVED,Not Applicable,2024-04-11T09:45:36.313000Z,2024-04-11T09:53:55.011000Z,2024-05-02T16:11:42.934000Z,2024-04-11T09:54:07.465145Z,499.0,C8MRP57T,899,Yes,"C and C++, Java, Javascript, HTML, SQL",20,Male,White,Poland,Poland,Poland,Polish,Yes,Part-Time,,online-easy-ransom-notes-without
6617b1d5cfc99d16aebbef70,62e94c384f809b7d0831f4ea,APPROVED,Not Applicable,2024-04-11T09:48:36.673000Z,2024-04-11T10:02:59.109000Z,2024-05-02T16:11:43.559000Z,2024-04-11T10:03:06.389225Z,863.0,C8MRP57T,1188,Yes,"C#, Javascript, Python, SQL, Swift",33,Male,White,United Kingdom,United Kingdom,United Kingdom,English,No,Full-Time,,online-easy-ransom-notes-without
661a87457a2cbdcae15d72e8,6171312b4f75ea6a71c23125,APPROVED,Not Applicable,2024-04-13T13:23:17.512000Z,2024-04-13T13:30:57.788000Z,2024-05-04T00:00:57.742000Z,2024-04-13T13:30:58.596232Z,461.0,C8MRP57T,108,Yes,"C and C++, CSS, Javascript, HTML, SQL",24,Female,White,Portugal,Portugal,Portugal,Portuguese,No,Unemployed (and job seeking),,online-easy-ransom-notes-without
6637e9306fbc7854a4597508,60ce3a64dc89ad902dcd3e02,APPROVED,Not Applicable,2024-05-05T20:17:43.273000Z,2024-05-05T20:44:38.996000Z,2024-05-14T09:27:00.781000Z,2024-05-05T20:46:36.780386Z,1616.0,C8MRP57T,197,Yes,"C#, Javascript, CSS, HTML, PHP",29,Female,Black,South Africa,South Africa,South Africa,English,DATA_EXPIRED,DATA_EXPIRED,English,online-easy_ransom_notes-with-b2
6637e96af107e381709aa82d,5e91128ddf10df4440f6243f,APPROVED,Not Applicable,2024-05-05T20:17:46.437000Z,2024-05-05T20:30:59.782000Z,2024-05-14T09:27:01.062000Z,2024-05-05T20:31:00.512225Z,794.0,C8MRP57T,671,Yes,"C#, C and C++, Java, Javascript, HTML, Kotlin, PHP, Python",37,Male,White,Italy,Italy,Italy,Italian,No,DATA_EXPIRED,"Italian, English",online-easy_ransom_notes-with-b2
6637e9b76c3dfc85de2cf32c,610425405cd96682f2d3ff07,APPROVED,Not Applicable,2024-05-05T20:19:59.784000Z,2024-05-05T20:36:41.377000Z,2024-05-14T09:27:01.331000Z,2024-05-05T20:37:29.987216Z,1002.0,C8MRP57T,44,Yes,"Java, Javascript, Python",22,Male,Black,South Africa,South Africa,South Africa,English,Yes,Unemployed (and job seeking),English,online-easy_ransom_notes-with-b2
6637eaf9451a5cd260b29763,60db8f99cfcb1b050dbc66b5,APPROVED,Not Applicable,2024-05-05T20:24:36.847000Z,2024-05-05T20:41:34.932000Z,2024-05-14T09:27:01.603000Z,2024-05-05T20:41:35.889540Z,1019.0,C8MRP57T,180,Yes,"Java, HTML, Javascript",21,Male,White,Portugal,Portugal,Portugal,Portuguese,Yes,Other,"Portuguese, English",online-easy_ransom_notes-with-b2
6637ec2031e144042603bf33,65b011d3c75e0c8536526b93,APPROVED,Not Applicable,2024-05-05T20:29:25.831000Z,2024-05-05T20:53:33.062000Z,2024-05-14T09:27:01.845000Z,2024-05-05T20:56:59.912317Z,1448.0,C8MRP57T,43,Yes,"C and C++, CSS, Java, Javascript, HTML, Python, SQL, TypeScript",26,Male,Asian,India,Canada,India,Punjabi,Yes,Part-Time,English,online-easy_ransom_notes-with-b2
663bd39a65bae793c4fdfeb8,6529416fca661cf7ee143821,APPROVED,Not Applicable,2024-05-08T19:33:54.782000Z,2024-05-08T19:42:36.380000Z,2024-05-14T09:27:02.113000Z,2024-05-08T19:44:25.607695Z,522.0,C8MRP57T,90,Yes,"C#, Java, C and C++, CSS, HTML, Javascript, Python, Matlab, PHP, SQL",29,Female,Black,South Africa,South Africa,South Africa,English,No,Full-Time,"Afrikaans, English",online-easy_ransom_notes-with-b2
663bd3efa3f206cb92c89d34,6159e83b6407a6d5345d3b99,APPROVED,Not Applicable,2024-05-08T19:35:21.489000Z,2024-05-08T19:55:30.976000Z,2024-05-14T09:27:02.378000Z,2024-05-08T19:56:33.676695Z,1210.0,C8MRP57T,119,Yes,"Java, Javascript, HTML, TypeScript",26,Male,Black,South Africa,South Africa,South Africa,English,No,Full-Time,"English, Other",online-easy_ransom_notes-with-b2
663bd41a6a5c3ff01e695328,65523123662559399b1aa48a,APPROVED,Not Applicable,2024-05-08T19:36:01.200000Z,2024-05-08T19:52:26.404000Z,2024-05-14T09:27:02.667000Z,2024-05-08T19:52:27.090069Z,986.0,C8MRP57T,52,Yes,"Javascript, HTML, Matlab, Python, SQL",19,Female,Other,South Africa,South Africa,South Africa,English,Yes,Unemployed (and job seeking),English,online-easy_ransom_notes-with-b2
663bebed7a4cbcbe6e8706ce,6609688e8e4fe9698ab13a66,APPROVED,Not Applicable,2024-05-08T21:24:19.357000Z,2024-05-08T21:38:44.312000Z,2024-05-14T09:27:02.930000Z,2024-05-08T21:38:45.331461Z,865.0,C8MRP57T,128,Yes,"C#, C and C++, CSS, Java, Javascript, HTML, PHP, Python, SQL",41,Male,White,Canada,Canada,Canada,English,No,Full-Time,English,online-easy_ransom_notes-with-b2
6644c556e40f96c138564933,63f8705ae362b217290d08c2,APPROVED,Not Applicable,2024-05-15T14:23:24.932000Z,2024-05-15T14:34:07.681000Z,2024-05-16T01:40:52.533000Z,2024-05-15T14:34:08.635409Z,643.0,C8MRP57T,369,Yes,"C and C++, CSS, Javascript, HTML, Matlab, Python, R, SQL",36,Male,White,United Kingdom,United Kingdom,United Kingdom,English,DATA_EXPIRED,DATA_EXPIRED,English,online-easy_ransom_notes-with-b3
6644c59bfccdce73c9635dac,614b7c6143772286a208caea,APPROVED,Not Applicable,2024-05-15T14:24:27.128000Z,2024-05-15T14:50:53.313000Z,2024-05-16T01:40:52.947000Z,2024-05-15T14:53:18.700417Z,1587.0,C8MRP57T,135,Yes,"C#, C and C++, CSS, Java, Javascript, HTML, Python, SQL, TypeScript",27,Male,Black,Zimbabwe,South Africa,Zimbabwe,English,No,Part-Time,English,online-easy_ransom_notes-with-b3
6644c5bd5c548b71f8a9571b,60f9b7d785b3e37efe2c21d3,APPROVED,Not Applicable,2024-05-15T14:25:01.923000Z,2024-05-15T14:46:17.304000Z,2024-05-16T01:40:53.192000Z,2024-05-15T14:46:17.862599Z,1276.0,C8MRP57T,291,Yes,"C and C++, Javascript, HTML, Matlab, Ruby, SQL",30,Male,Black,South Africa,South Africa,South Africa,English,Yes,Full-Time,"English, Other",online-easy_ransom_notes-with-b3
6644c5e00a501ade9dd190cb,65583ffa38bfc41805a553cd,APPROVED,Not Applicable,2024-05-15T14:27:20.666000Z,2024-05-15T14:52:31.144000Z,2024-05-16T01:40:53.450000Z,2024-05-15T14:54:03.151739Z,1511.0,C8MRP57T,8,Yes,"Java, C and C++, Go, Javascript, Python, PHP, HTML",23,Male,Black,South Africa,South Africa,South Africa,Other,Yes,Full-Time,"English, Other",online-easy_ransom_notes-with-b3
6644c8e698b7e4fe6297d32b,653fc00d3035a31db0314c28,APPROVED,Not Applicable,2024-05-15T14:38:34.238000Z,2024-05-15T15:00:39.388000Z,2024-05-16T01:40:53.708000Z,2024-05-15T15:00:39.858773Z,1326.0,C8MRP57T,102,Yes,"Javascript, HTML, TypeScript, CSS, SQL",37,Female,White,Azerbaijan,Netherlands,Azerbaijan,Other,No,Full-Time,English,online-easy_ransom_notes-with-b3
6644d964c401ce330963e563,65d935f75fde30418cc7dad4,APPROVED,Not Applicable,2024-05-15T15:48:58.618000Z,2024-05-15T15:54:59.517000Z,2024-05-16T01:40:54.222000Z,2024-05-15T15:55:00.486560Z,361.0,C8MRP57T,240,Yes,"Ruby, Javascript",23,Female,White,Peru,United States,Peru,Spanish,Yes,Part-Time,English,online-easy_ransom_notes-with-b3
6637f12bee9fb87aed2823ca,65abd7494c8491a1bb90411a,APPROVED,Not Applicable,2024-05-05T20:50:51.531000Z,2024-05-05T21:13:26.866000Z,2024-05-14T09:29:18.778000Z,2024-05-05T21:13:28.267279Z,1356.0,C8MRP57T,127,Yes,"Javascript, Python, R, SQL, C and C++",43,Female,Black,Nigeria,Canada,Canada,English,No,Part-Time,English,online-easy_ransom_notes-without-b2
6637f13f44bcdcef522aa3fa,5c093a3f600aff0001d7002c,APPROVED,Not Applicable,2024-05-05T20:51:22.876000Z,2024-05-05T21:07:58.727000Z,2024-05-14T09:29:19.004000Z,2024-05-05T21:11:43.708666Z,996.0,C8MRP57T,1191,Yes,"C#, C and C++, CSS, Java, Javascript, HTML, PHP, SQL",45,Male,Asian,Australia,Australia,Australia,English,DATA_EXPIRED,DATA_EXPIRED,English,online-easy_ransom_notes-without-b2
663bd3bb3bb1df6feb1c0b74,65c64b9b090c48be1380151a,APPROVED,Not Applicable,2024-05-08T19:34:39.622000Z,2024-05-08T19:56:33.614000Z,2024-05-14T09:29:19.186000Z,2024-05-08T19:56:57.930651Z,1314.0,C8MRP57T,59,Yes,"Javascript, HTML, CSS",28,Female,Black,Nigeria,Portugal,Nigeria,English,No,Unemployed (and job seeking),English,online-easy_ransom_notes-without-b2
663bd3c0afed842f4b0121d9,6114ba817968537bd89ef3c6,APPROVED,Not Applicable,2024-05-08T19:34:24.550000Z,2024-05-08T19:49:49.456000Z,2024-05-14T09:29:19.397000Z,2024-05-08T19:49:49.999126Z,925.0,C8MRP57T,495,Yes,"HTML, Javascript",20,Male,White,Austria,Austria,Germany,German,Yes,Part-Time,"English, German",online-easy_ransom_notes-without-b2
663bd3ccd4952863dd397e03,661747a10840d7553533cda1,APPROVED,Not Applicable,2024-05-08T19:39:17.190000Z,2024-05-08T19:49:07.660000Z,2024-05-14T09:29:19.761000Z,2024-05-08T19:49:08.164437Z,591.0,C8MRP57T,33,Yes,"C and C++, CSS, Javascript, HTML, Python, SQL",21,Male,Asian,Canada,Canada,Canada,English,Yes,Part-Time,English,online-easy_ransom_notes-without-b2
663bd63e04383a5213e5b0f6,6577b990de34621ce896bc7d,APPROVED,Not Applicable,2024-05-08T19:45:35.624000Z,2024-05-08T20:09:48.905000Z,2024-05-14T09:29:19.946000Z,2024-05-08T20:09:50.594309Z,1454.0,C8MRP57T,9,Yes,"Javascript, HTML, PHP, SQL, TypeScript, C and C++, CSS",25,Male,White,Algeria,France,Algeria,English,Yes,Other,"English, French, Arabic",online-easy_ransom_notes-without-b2
6644c40e56aebdd17fc44ce5,5c2c8746d8217e00019a1345,APPROVED,Not Applicable,2024-05-15T14:17:55.589000Z,2024-05-15T14:31:10.024000Z,2024-05-16T01:42:32.973000Z,2024-05-15T14:31:10.734032Z,795.0,C8MRP57T,1079,Yes,"HTML, Javascript, PHP, Python, SQL",48,Male,White,France,France,France,French,No,Full-Time,"French, English",online-easy_ransom_notes-without-b3
6644c5b742c349f393cccfdc,5f8739ae0483431242e11d41,APPROVED,Not Applicable,2024-05-15T14:24:55.365000Z,2024-05-15T14:37:33.682000Z,2024-05-16T01:42:33.422000Z,2024-05-15T14:39:27.398590Z,759.0,C8MRP57T,462,Yes,"Java, HTML, Javascript, R, Python, SQL, PHP, Matlab, CSS, C and C++",27,Female,White,Portugal,Portugal,Portugal,Portuguese,No,Full-Time,"Portuguese, English",online-easy_ransom_notes-without-b3
6644c63031d16c0057e1981d,611e125063d1a52330225838,APPROVED,Not Applicable,2024-05-15T14:26:56.302000Z,2024-05-15T14:34:27.979000Z,2024-05-16T01:42:34.059000Z,2024-05-15T14:34:28.412841Z,452.0,C8MRP57T,122,Yes,Javascript,24,Male,Black,Zimbabwe,South Africa,Zimbabwe,English,No,Full-Time,English,online-easy_ransom_notes-without-b3
6644c6ae2bea44e1e3281faf,6122bbb8be3dd11d70df5fb1,APPROVED,Not Applicable,2024-05-15T14:29:02.144000Z,2024-05-15T14:46:23.784000Z,2024-05-16T01:42:34.612000Z,2024-05-15T14:46:24.730533Z,1042.0,C8MRP57T,248,Yes,"Javascript, Go, C#, Python, TypeScript, HTML, Java, CSS, C and C++, SQL",21,Male,White,Israel,Israel,Israel,Hebrew,DATA_EXPIRED,DATA_EXPIRED,"Hebrew, English",online-easy_ransom_notes-without-b3
6644c7e36b056d9cb57f08c4,5faa3448cb538f3064fd2860,APPROVED,Not Applicable,2024-05-15T14:34:11.688000Z,2024-05-15T15:12:44.339000Z,2024-05-16T01:42:34.886000Z,2024-05-15T15:12:56.165079Z,2313.0,C8MRP57T,676,Yes,"Javascript, HTML, Matlab, Python, CSS, Java, C and C++, C#",22,Male,White,Ukraine,Israel,Israel,Ukrainian,DATA_EXPIRED,DATA_EXPIRED,"English, German, Hebrew",online-easy_ransom_notes-without-b3
6644c8f7454870b7976a312f,5ee3c9a7236bef095fd67d0e,APPROVED,Not Applicable,2024-05-15T14:38:47.212000Z,2024-05-15T14:49:49.271000Z,2024-05-16T01:42:35.150000Z,2024-05-15T14:49:49.991791Z,663.0,C8MRP57T,280,Yes,"HTML, Javascript, CSS",25,Female,Mixed,Mexico,Mexico,Mexico,Spanish,No,Full-Time,"Spanish, English",online-easy_ransom_notes-without-b3
6637efd29c755fdf10a66d2c,661747a10840d7553533cda1,APPROVED,Not Applicable,2024-05-05T20:45:26.407000Z,2024-05-05T21:00:23.429000Z,2024-05-14T09:40:22.779000Z,2024-05-05T21:00:32.436093Z,898.0,C8MRP57T,29,Yes,"C and C++, CSS, Javascript, HTML, Python, SQL",21,Male,Asian,Canada,Canada,Canada,English,Yes,Part-Time,English,online-easy_remove_duplicates-with-b2
6637f14ae09086adcc9324e1,5c3872541736360001471ca0,APPROVED,Not Applicable,2024-05-05T20:51:27.705000Z,2024-05-05T21:00:53.283000Z,2024-05-14T09:40:23.112000Z,2024-05-05T21:00:53.892744Z,566.0,C8MRP57T,540,Yes,"Java, Javascript, HTML, PHP, CSS, C and C++, C#, SQL, Python",27,Male,White,Italy,Italy,Italy,Italian,DATA_EXPIRED,DATA_EXPIRED,"Italian, English",online-easy_remove_duplicates-with-b2
6637f1a9eba3279ca443ba1f,60be6b60d4a12f2ce4c806f2,APPROVED,Not Applicable,2024-05-05T20:52:57.637000Z,2024-05-05T21:07:42.240000Z,2024-05-14T09:40:23.340000Z,2024-05-06T10:37:37.182652Z,885.0,C8MRP57T,512,Yes,"CSS, C and C++, Javascript, HTML",26,Male,White,Spain,Spain,Spain,Spanish,No,Unemployed (and job seeking),"Spanish, English",online-easy_remove_duplicates-with-b2
6637f21c21cf3df45e722d4c,66269e82eb93d0ae74c5d344,APPROVED,Not Applicable,2024-05-05T20:55:09.060000Z,2024-05-05T21:10:01.174000Z,2024-05-14T09:40:23.564000Z,2024-05-05T21:11:50.216809Z,893.0,C8MRP57T,10,Yes,"Python, Javascript, C and C++",19,Male,White,France,France,Algeria,French,Yes,Other,"French, English",online-easy_remove_duplicates-with-b2
663bd3fd8a2df774396dc828,5cabf58293e29a0016018c30,APPROVED,Not Applicable,2024-05-08T19:35:25.971000Z,2024-05-08T20:08:11.764000Z,2024-05-14T09:40:23.757000Z,2024-05-08T20:08:12.551802Z,1966.0,C8MRP57T,994,Yes,"C and C++, Javascript",36,Male,White,Russian Federation,Spain,Spain,Russian,No,Full-Time,"English, Russian, Spanish",online-easy_remove_duplicates-with-b2
663bd4008ba8335795082925,6558c7f10f613d860aab3125,APPROVED,Not Applicable,2024-05-08T19:35:28.129000Z,2024-05-08T20:17:51.109000Z,2024-05-14T09:40:23.981000Z,2024-05-08T20:17:51.839366Z,2543.0,C8MRP57T,68,Yes,"HTML, Javascript, Java, CSS, Python",31,Female,Black,South Africa,South Africa,South Africa,Other,Yes,Full-Time,English,online-easy_remove_duplicates-with-b2
663bd402cd9edbdfb014d5cb,6016bbe3a28c6014fd3236b8,APPROVED,Not Applicable,2024-05-08T19:35:40.950000Z,2024-05-08T19:54:25.777000Z,2024-05-14T09:40:24.237000Z,2024-05-08T19:56:06.937180Z,1125.0,C8MRP57T,568,Yes,"C and C++, Go, Javascript, CSS, HTML, Python, SQL, TypeScript",25,Male,Mixed,South Africa,South Africa,South Africa,English,No,Unemployed (and job seeking),"Afrikaans, English",online-easy_remove_duplicates-with-b2
663bd6c19912a69838ec5718,611d1b663a5c2ab412850a1c,APPROVED,Not Applicable,2024-05-08T19:47:50.752000Z,2024-05-08T20:06:09.928000Z,2024-05-14T09:40:24.444000Z,2024-05-08T20:06:10.534839Z,1100.0,C8MRP57T,246,Yes,"Javascript, Java, TypeScript, Swift",27,Female,Black,South Africa,South Africa,South Africa,English,Yes,Unemployed (and job seeking),English,online-easy_remove_duplicates-with-b2
66430c125d33b064c835d52d,616ae04c674bd9a88c6ebed0,APPROVED,Not Applicable,2024-05-14T07:00:40.987000Z,2024-05-14T07:48:54.146000Z,2024-05-14T09:40:24.723000Z,2024-05-14T07:48:55.073566Z,2894.0,C8MRP57T,155,Yes,"Java, Javascript, HTML, Kotlin, PHP, Python",45,Male,Black,Zambia,South Africa,South Africa,English,No,Full-Time,"English, French, Spanish",online-easy_remove_duplicates-with-b2
664392825a2aafe59bfd4036,5c3d5129a9bfb4000168e299,APPROVED,Not Applicable,2024-05-14T16:34:25.610000Z,2024-05-14T16:53:56.744000Z,2024-05-14T17:00:33.441000Z,2024-05-14T16:53:58.731211Z,1172.0,C8MRP57T,302,Yes,"C#, C and C++, CSS, Java, Javascript, HTML, PHP, Python, SQL, TypeScript",24,Male,White,United Kingdom,United Kingdom,United Kingdom,English,No,Full-Time,English,online-easy_remove_duplicates-with-b2
6644c725d24370bec6a6e4cc,610188d5ae3b8a7623ef58c4,APPROVED,Not Applicable,2024-05-15T14:31:09.228000Z,2024-05-15T14:46:25.354000Z,2024-05-16T01:48:15.616000Z,2024-05-15T14:46:26.157304Z,917.0,C8MRP57T,168,Yes,"C#, CSS, Javascript, HTML",36,Male,Black,Zimbabwe,South Africa,Zimbabwe,English,Yes,Unemployed (and job seeking),English,online-easy_remove_duplicates-with-b3
6644c85566d2e1cbb8775192,614e82d5717d691f24efffc0,APPROVED,Not Applicable,2024-05-15T14:36:05.973000Z,2024-05-15T14:45:02.640000Z,2024-05-16T01:48:16.270000Z,2024-05-15T14:45:03.141993Z,537.0,C8MRP57T,849,Yes,"C and C++, Javascript, Matlab, Python, CSS, HTML",34,Male,Asian,Bangladesh,Hungary,Bangladesh,Bengali,Yes,Full-Time,"Bengali, English",online-easy_remove_duplicates-with-b3
6644c9ad6a4b9cdc1478d579,5f0da6848c9769018bb99f27,APPROVED,Not Applicable,2024-05-15T14:41:49.992000Z,2024-05-15T14:56:58.160000Z,2024-05-16T01:48:16.513000Z,2024-05-15T14:56:59.016532Z,909.0,C8MRP57T,980,Yes,"Java, Javascript, HTML, SQL, TypeScript, CSS",34,Male,White,Italy,Italy,Italy,Italian,No,Full-Time,"Italian, English",online-easy_remove_duplicates-with-b3
6645685835a985828f199204,6426ef0c682f3da7f5bb5471,APPROVED,Not Applicable,2024-05-16T01:59:31.591000Z,2024-05-16T02:18:06.239000Z,2024-05-16T15:06:20.323000Z,2024-05-16T02:20:03.217514Z,1115.0,C8MRP57T,68,Yes,"C#, CSS, Javascript, HTML, Python, SQL",26,Prefer not to say,White,Australia,Australia,Australia,English,Yes,Full-Time,English,online-easy_remove_duplicates-with-b3
661a2c3a966934a75e1c5004,5f209641ae86003b679bb43f,APPROVED,Not Applicable,2024-04-13T06:54:54.364000Z,2024-04-13T07:12:18.172000Z,2024-05-04T00:00:36.296000Z,2024-04-13T07:12:18.902573Z,1044.0,C8MRP57T,182,Yes,"Java, Javascript, R, Python",25,Male,White,Portugal,Portugal,Portugal,Portuguese,No,Full-Time,,online-easy_remove_duplicates-with
661a2c8b66d320de4d31a32b,60f801efc0846c47e4e755e6,APPROVED,Not Applicable,2024-04-13T06:56:11.356000Z,2024-04-13T07:35:24.603000Z,2024-05-04T00:00:39.016000Z,2024-04-13T07:36:25.703272Z,2354.0,C8MRP57T,625,Yes,"Javascript, Java, Python, R",23,Male,Mixed,South Africa,South Africa,South Africa,English,Yes,Unemployed (and job seeking),,online-easy_remove_duplicates-with
661a2ce85122903a80040af8,5929c96027ea400001301061,APPROVED,Not Applicable,2024-04-13T06:57:44.115000Z,2024-04-13T07:19:27.668000Z,2024-05-04T00:00:48.301000Z,2024-04-13T07:20:11.823494Z,1304.0,C8MRP57T,1181,Yes,"Javascript, HTML, PHP, SQL",52,Male,White,United Kingdom,United Kingdom,United Kingdom,English,DATA_EXPIRED,DATA_EXPIRED,,online-easy_remove_duplicates-with
661a2f7ed2e34221e75986c7,5ee890fabb763018d1ad774e,APPROVED,Not Applicable,2024-04-13T07:08:46.016000Z,2024-04-13T07:21:04.470000Z,2024-05-04T00:00:48.716000Z,2024-04-13T07:21:05.076994Z,739.0,C8MRP57T,480,Yes,"C and C++, CSS, Javascript, HTML, Python, Ruby, SQL, TypeScript",25,Male,Asian,Canada,Canada,Canada,English,No,Part-Time,,online-easy_remove_duplicates-with
6637f3e87c4fcec16ca4693e,661f84bf573acf3a4825c023,APPROVED,Not Applicable,2024-05-05T21:02:56.979000Z,2024-05-05T21:33:41.995000Z,2024-05-14T09:44:28.093000Z,2024-05-05T21:36:03.233705Z,1846.0,C8MRP57T,35,Yes,"SQL, Python, Matlab, Javascript, Java, C and C++, CSS",31,Female,Black,United Kingdom,United Kingdom,United Kingdom,English,No,Full-Time,English,online-easy_remove_duplicates-without-b2
6637f5e758077e6061b632e2,6159e83b6407a6d5345d3b99,APPROVED,Not Applicable,2024-05-05T21:11:03.144000Z,2024-05-05T21:32:57.190000Z,2024-05-14T09:44:28.578000Z,2024-05-05T21:32:57.719021Z,1315.0,C8MRP57T,118,Yes,"Java, Javascript, HTML, TypeScript",26,Male,Black,South Africa,South Africa,South Africa,English,No,Full-Time,"English, Other",online-easy_remove_duplicates-without-b2
6637fa79d86773a9acac55fd,5dfb75507caa1e89ad5df828,APPROVED,Not Applicable,2024-05-05T21:30:33.213000Z,2024-05-05T21:37:50.702000Z,2024-05-14T09:44:28.772000Z,2024-05-05T21:37:51.519884Z,438.0,C8MRP57T,935,Yes,"C and C++, C#, CSS, Javascript, HTML, Matlab, PHP, Python, SQL, Java",28,Male,White,Portugal,Portugal,Portugal,Portuguese,No,Full-Time,"English, Portuguese, Spanish",online-easy_remove_duplicates-without-b2
663bd435d2d3c911fffd100f,65a96f2c5e9b2019bd4dc2bc,APPROVED,Not Applicable,2024-05-08T19:36:21.781000Z,2024-05-08T19:58:40.131000Z,2024-05-14T09:44:29.028000Z,2024-05-08T19:58:40.747740Z,1339.0,C8MRP57T,86,Yes,"Java, Javascript, HTML, Python, SQL",34,Male,White,France,France,France,French,No,Full-Time,"French, English",online-easy_remove_duplicates-without-b2
663bd4902b715e5c787b4d7c,66027ecb57ff798269b84a2a,APPROVED,Not Applicable,2024-05-08T19:38:35.878000Z,2024-05-08T19:51:44.342000Z,2024-05-14T09:44:29.243000Z,2024-05-08T19:51:44.897269Z,789.0,C8MRP57T,47,Yes,"C#, C and C++, CSS, Go, Java, Javascript, HTML, Kotlin, PHP, Matlab, R, Python, Ruby, Scala, SQL, Swift, TypeScript",25,Male,Other,Lebanon,Italy,Lebanon,Arabic,Yes,Other,"Arabic, French, English",online-easy_remove_duplicates-without-b2
663bd50dca33e76081219bae,60cdfc43f84c4e243fb375d8,APPROVED,Not Applicable,2024-05-08T19:40:20.248000Z,2024-05-08T19:55:47.199000Z,2024-05-14T09:44:29.527000Z,2024-05-08T19:56:39.781600Z,927.0,C8MRP57T,213,Yes,"Javascript, HTML, CSS, TypeScript",43,Male,White,Hungary,Hungary,Hungary,Hungarian,No,Full-Time,"Hungarian, English",online-easy_remove_duplicates-without-b2
663bd60170bc8860eb845b05,652598cfa67d3941c6e6c31c,APPROVED,Not Applicable,2024-05-08T19:44:01.177000Z,2024-05-08T20:12:55.665000Z,2024-05-14T09:44:29.840000Z,2024-05-08T20:15:04.374961Z,1735.0,C8MRP57T,310,Yes,"Javascript, Python, HTML, Java, CSS",21,Male,White,Poland,Poland,Poland,Polish,Yes,Part-Time,"English, Polish",online-easy_remove_duplicates-without-b2
66430cfca51fc9086cd08a49,613024a95f48b6ceaeee8ad5,APPROVED,Not Applicable,2024-05-14T07:04:41.989000Z,2024-05-14T07:32:45.085000Z,2024-05-14T09:44:30.113000Z,2024-05-14T07:32:45.850210Z,1684.0,C8MRP57T,105,Yes,"Java, HTML, CSS, Javascript",24,Male,Black,South Africa,South Africa,South Africa,English,No,Full-Time,English,online-easy_remove_duplicates-without-b2
664333c0f87f4a958685aa3a,5fbaf990efe4a5bcf223f9d7,APPROVED,Not Applicable,2024-05-14T09:56:34.604000Z,2024-05-14T10:36:22.082000Z,2024-05-14T16:33:51.222000Z,2024-05-14T10:36:22.978301Z,2388.0,C8MRP57T,206,Yes,"Javascript, HTML, CSS, TypeScript",29,Female,Black,South Africa,South Africa,South Africa,English,Yes,Full-Time,English,online-easy_remove_duplicates-without-b2
6644c7837eee21f16b68a457,6511e38ac9a0d7cb63342f27,APPROVED,Not Applicable,2024-05-15T14:32:35.340000Z,2024-05-15T14:55:39.829000Z,2024-05-16T02:00:43.912000Z,2024-05-15T14:55:41.238582Z,1385.0,C8MRP57T,112,Yes,"Python, R, Javascript, SQL",20,Female,Mixed,France,France,France,French,DATA_EXPIRED,DATA_EXPIRED,"English, French",online-easy_remove_duplicates-without-b3
6644c792866920f151717587,57ca4b09993b08000192297b,APPROVED,Not Applicable,2024-05-15T14:32:50.111000Z,2024-05-15T15:30:07.945000Z,2024-05-16T02:00:19.304000Z,2024-05-15T15:30:13.295014Z,3438.0,C8MRP57T,746,Yes,"C and C++, Java, Javascript, HTML, Python, SQL",30,Female,White,Ireland,Ireland,Ireland,English,No,Full-Time,English,online-easy_remove_duplicates-without-b3
6644d5128491af77344495e3,65c072fe454cef4b9b1ab25f,APPROVED,Not Applicable,2024-05-15T15:30:42.809000Z,2024-05-15T15:36:59.453000Z,2024-05-16T02:00:44.750000Z,2024-05-15T15:37:04.633468Z,377.0,C8MRP57T,276,Yes,"C and C++, CSS, Java, Javascript, HTML, Python, TypeScript",23,Male,Asian,Canada,Canada,Canada,English,No,Part-Time,English,online-easy_remove_duplicates-without-b3
6644d68393cb822d06a0f940,5fda95fd9df7fa2b164bed61,APPROVED,Not Applicable,2024-05-15T15:36:46.494000Z,2024-05-15T15:44:22.737000Z,2024-05-16T02:00:45.165000Z,2024-05-15T15:44:23.407363Z,457.0,C8MRP57T,481,Yes,"C and C++, CSS, Java, Javascript, HTML, PHP, Python, SQL",21,Male,White,Estonia,Latvia,Latvia,Latvian,No,Full-Time,"English, Latvian",online-easy_remove_duplicates-without-b3
66456f5f72f71662e832de82,5f27f9f7119cde0008a93be7,APPROVED,Not Applicable,2024-05-16T02:29:42.967000Z,2024-05-16T02:42:36.139000Z,2024-05-16T15:07:39.802000Z,2024-05-16T02:42:38.297485Z,774.0,C8MRP57T,463,Yes,"C and C++, Javascript, HTML, Python",31,Male,Black,South Africa,South Africa,South Africa,English,Yes,Full-Time,English,online-easy_remove_duplicates-without-b3
661a2c0ad2e34221e759864e,65d5b28658b48e4435f182d0,APPROVED,Not Applicable,2024-04-13T06:54:09.800000Z,2024-04-13T07:16:35.990000Z,2024-05-04T00:00:29.644000Z,2024-04-13T07:19:11.916944Z,1347.0,C8MRP57T,8,Yes,Javascript,27,Female,Black,South Africa,South Africa,South Africa,English,Yes,Full-Time,,online-easy_remove_duplicates-without
661a2daedc20c9fb5159819c,64622d2c6d50562c9b68e0c1,APPROVED,Not Applicable,2024-04-13T07:01:02.385000Z,2024-04-13T07:11:15.364000Z,2024-05-04T00:00:30.163000Z,2024-04-13T07:11:24.510422Z,613.0,C8MRP57T,366,Yes,"C#, Java, HTML, PHP, Javascript, CSS, C and C++",33,Male,Asian,United States,Japan,United States,English,No,Full-Time,,online-easy_remove_duplicates-without
6637f1f438dc18dda53f8495,6148bf90e4a4620ca010c833,APPROVED,Not Applicable,2024-05-05T20:54:16.875000Z,2024-05-05T21:25:30.542000Z,2024-05-14T09:49:07.476000Z,2024-05-05T21:26:22.662688Z,1874.0,C8MRP57T,421,Yes,"C#, CSS, Javascript, HTML, PHP, Python, SQL",31,Male,Mixed,Mexico,Mexico,Mexico,Spanish,No,Full-Time,"Spanish, English",online-hard_longest_valid_parenthesis-with-b2
6637f3e8451a5cd260b29933,61300c2d5a36876db1251ff5,APPROVED,Not Applicable,2024-05-05T21:04:24.245000Z,2024-05-05T21:26:33.924000Z,2024-05-14T09:48:21.299000Z,2024-05-05T21:26:34.468780Z,1330.0,C8MRP57T,274,Yes,"C#, C and C++, CSS, Java, Javascript, HTML, Matlab, Python, SQL",20,Female,Other,Canada,Canada,Canada,Arabic,Yes,Other,"Arabic, English, French",online-hard_longest_valid_parenthesis-with-b2
6637f5423f0b865e663590b4,647985db31c9c45669d8b50f,APPROVED,Not Applicable,2024-05-05T21:15:38.562000Z,2024-05-05T21:30:04.872000Z,2024-05-14T09:48:21.479000Z,2024-05-05T21:31:54.708662Z,867.0,C8MRP57T,270,Yes,"C#, C and C++, CSS, Java, Javascript, HTML, Kotlin, Matlab, Python, SQL, Swift, TypeScript",37,Male,White,Portugal,Portugal,Portugal,Portuguese,No,Full-Time,"Portuguese, English",online-hard_longest_valid_parenthesis-with-b2
6637f618ed316147dd36def3,60fd528cbd7f31e9b838efa5,APPROVED,Not Applicable,2024-05-05T21:13:59.478000Z,2024-05-05T21:51:55.848000Z,2024-05-14T09:48:21.662000Z,2024-05-05T21:52:00.188865Z,2277.0,C8MRP57T,377,Yes,"CSS, Javascript, HTML, PHP, SQL",26,Male,Black,Zimbabwe,South Africa,Zimbabwe,English,No,Unemployed (and job seeking),English,online-hard_longest_valid_parenthesis-with-b2
663d9e54fb3dee11f3b11a34,5cfaab352e080000016ec742,APPROVED,Not Applicable,2024-05-10T04:11:00.758000Z,2024-05-10T04:24:02.555000Z,2024-05-14T09:48:22.130000Z,2024-05-10T04:24:03.109930Z,782.0,C8MRP57T,1039,Yes,"C and C++, CSS, Javascript, HTML, Kotlin, Matlab, Python, SQL",40,Male,Mixed,Spain,Spain,Spain,Spanish,Yes,Part-Time,"Spanish, Galician, English",online-hard_longest_valid_parenthesis-with-b2
663d9f63ec5128a8a06b610d,5df6304773d724428a9cff45,APPROVED,Not Applicable,2024-05-10T04:15:50.829000Z,2024-05-10T04:29:35.115000Z,2024-05-14T09:48:22.375000Z,2024-05-10T04:31:12.171839Z,825.0,C8MRP57T,327,Yes,"C#, C and C++, Javascript, Java, HTML",25,Female,White,Portugal,Portugal,Portugal,Portuguese,Yes,Other,"Portuguese, English",online-hard_longest_valid_parenthesis-with-b2
663dad58d2851db1d6bcf4dc,627bbf69ab2788507bc421a2,APPROVED,Not Applicable,2024-05-10T05:18:54.891000Z,2024-05-10T05:40:22.582000Z,2024-05-14T09:48:22.621000Z,2024-05-10T05:42:09.904847Z,1288.0,C8MRP57T,1500,Yes,"C and C++, Java, Kotlin, CSS, HTML, Javascript",37,Male,White,Germany,Germany,Germany,German,No,DATA_EXPIRED,"German, English",online-hard_longest_valid_parenthesis-with-b2
66430d309f8ab18421f9e975,5ff743fd88a5713bd0d00583,APPROVED,Not Applicable,2024-05-14T07:10:40.008000Z,2024-05-14T07:35:35.709000Z,2024-05-14T09:48:22.886000Z,2024-05-14T07:35:47.691054Z,1496.0,C8MRP57T,487,Yes,"Python, Matlab, HTML, Javascript, Go, CSS, C and C++",30,Male,White,Poland,Poland,Poland,Polish,No,Full-Time,"English, Polish",online-hard_longest_valid_parenthesis-with-b2
663d9c43e99543557c98f9df,614d8fbb82f1d17aa02851fa,REJECTED,Not Applicable,2024-05-10T04:02:25.070000Z,2024-05-10T04:12:03.987000Z,2024-05-14T01:53:36.410000Z,2024-05-10T04:12:04.491000Z,579.0,C8MRP57T,5,CONSENT_REVOKED,CONSENT_REVOKED,CONSENT_REVOKED,CONSENT_REVOKED,CONSENT_REVOKED,CONSENT_REVOKED,CONSENT_REVOKED,CONSENT_REVOKED,CONSENT_REVOKED,CONSENT_REVOKED,CONSENT_REVOKED,CONSENT_REVOKED,online-hard_longest_valid_parenthesis-with-b2
6644c942ea8e3dbd228a50aa,613f3901a7197bb325d10864,APPROVED,Not Applicable,2024-05-15T14:40:19.104000Z,2024-05-15T14:54:02.133000Z,2024-05-16T02:10:10.635000Z,2024-05-15T14:54:21.207486Z,824.0,C8MRP57T,1005,Yes,"Javascript, HTML, TypeScript",26,Female,White,United States,United States,United States,English,No,Full-Time,"English, Spanish",online-hard_longest_valid_parenthesis-with-b3
6644c997ac9fdf7da4ed4b07,59007be801efbd0001856baf,APPROVED,Not Applicable,2024-05-15T14:41:47.576000Z,2024-05-15T15:04:29.928000Z,2024-05-16T02:10:11.080000Z,2024-05-15T15:05:05.199420Z,1363.0,C8MRP57T,182,Yes,"C#, Java, SQL, TypeScript, Python, Javascript, HTML",29,Male,Mixed,Portugal,Portugal,Portugal,Portuguese,No,Full-Time,"English, Portuguese",online-hard_longest_valid_parenthesis-with-b3
6644c9b0edfff71d26db6f00,659bed0447ff4ef6b9ea8b61,APPROVED,Not Applicable,2024-05-15T14:41:52.692000Z,2024-05-15T14:56:22.310000Z,2024-05-16T02:10:11.367000Z,2024-05-15T14:56:22.972640Z,870.0,C8MRP57T,35,Yes,"Java, HTML, CSS, Javascript",30,Male,White,Hungary,Hungary,Hungary,Hungarian,No,Full-Time,"Hungarian, English",online-hard_longest_valid_parenthesis-with-b3
6644c9d8593c970ff58898a9,5c7c2ec06c42650001af30a4,APPROVED,Not Applicable,2024-05-15T14:42:45.053000Z,2024-05-15T15:04:24.617000Z,2024-05-16T02:10:11.664000Z,2024-05-15T15:05:02.319329Z,1300.0,C8MRP57T,265,Yes,"Javascript, Python, TypeScript",27,Male,White,Hungary,Hungary,Hungary,Hungarian,No,Unemployed (and job seeking),English,online-hard_longest_valid_parenthesis-with-b3
6644ca43503d265d0be557c1,610d1cf3c7b4411f1643e501,APPROVED,Not Applicable,2024-05-15T14:44:19.698000Z,2024-05-15T15:29:02.045000Z,2024-05-16T02:10:11.950000Z,2024-05-15T15:29:02.762533Z,2683.0,C8MRP57T,418,Yes,"C and C++, Java, C#, Javascript, HTML, PHP, Matlab, Python, SQL, TypeScript",21,Male,White,Portugal,Portugal,United Kingdom,English,DATA_EXPIRED,Unemployed (and job seeking),English,online-hard_longest_valid_parenthesis-with-b3
6644ca795bc2db97d8501e7d,654ce13d2e31fe5c69c6e7c7,APPROVED,Not Applicable,2024-05-15T14:45:19.371000Z,2024-05-15T15:06:32.787000Z,2024-05-16T02:10:12.243000Z,2024-05-15T15:06:33.563375Z,1274.0,C8MRP57T,118,Yes,"Java, Javascript, HTML, Python, SQL, CSS",20,Female,White,Ukraine,Netherlands,Ukraine,Ukrainian,DATA_EXPIRED,Part-Time,"Russian, Ukrainian, English",online-hard_longest_valid_parenthesis-with-b3
6644cb0dd63aa7fcdb16db6a,6640c3df2b3f09bdb21a6069,APPROVED,Not Applicable,2024-05-15T14:50:22.261000Z,2024-05-15T15:12:48.174000Z,2024-05-16T02:10:12.520000Z,2024-05-15T15:12:59.072945Z,1346.0,C8MRP57T,3,Yes,"C#, CSS, Javascript, HTML, PHP, Python, SQL, TypeScript",40,Male,White,South Africa,South Africa,South Africa,English,No,Full-Time,"English, Afrikaans",online-hard_longest_valid_parenthesis-with-b3
6644cb1b8da02a7d5d1703dc,5f70b6d420717c6a6dcf0773,APPROVED,Not Applicable,2024-05-15T14:50:30.777000Z,2024-05-15T15:08:47.450000Z,2024-05-16T02:10:12.803000Z,2024-05-15T15:08:47.891540Z,1097.0,C8MRP57T,519,Yes,"CSS, Javascript, HTML, PHP, Python, SQL, C and C++, C#",28,Male,White,Poland,Poland,Poland,English,DATA_EXPIRED,DATA_EXPIRED,"English, Polish",online-hard_longest_valid_parenthesis-with-b3
6644ccae283c7040507f79d7,5e5e743fb38121000bddcc08,APPROVED,Not Applicable,2024-05-15T14:54:44.480000Z,2024-05-15T15:08:38.692000Z,2024-05-16T02:10:13.074000Z,2024-05-15T15:08:39.209235Z,835.0,C8MRP57T,106,Yes,"C#, CSS, Javascript, HTML, SQL, TypeScript",33,Male,White,Italy,Italy,Italy,Italian,No,Full-Time,"Italian, English",online-hard_longest_valid_parenthesis-with-b3
66456cca5eac1841b4040438,655022ac88df62f61f5b47a6,APPROVED,Not Applicable,2024-05-16T02:17:52.912000Z,2024-05-16T02:41:12.613000Z,2024-05-16T15:09:31.749000Z,2024-05-16T02:41:13.245047Z,1400.0,C8MRP57T,81,Yes,"C and C++, Java, Javascript, C#, HTML, Python, R, SQL, Swift, TypeScript",23,Male,Asian,Vietnam,Canada,Vietnam,Vietnamese,DATA_EXPIRED,DATA_EXPIRED,"English, Vietnamese",online-hard_longest_valid_parenthesis-with-b3
661a63b929b7fe521c1cd69e,653fb764c9aed77c01457531,APPROVED,Not Applicable,2024-04-13T10:56:06.907000Z,2024-04-13T11:03:40.599000Z,2024-05-04T00:00:33.819000Z,2024-04-13T11:03:45.066224Z,454.0,C8MRP57T,66,Yes,"C and C++, Java, HTML, Javascript, SQL",20,Male,White,Hungary,Hungary,Hungary,Hungarian,Yes,Unemployed (and job seeking),,online-hard_longest_valid_parenthesis-with
6637f402c4bdc30f1ad351aa,662fa29177726b1c13ea12c5,APPROVED,Not Applicable,2024-05-05T21:10:31.369000Z,2024-05-05T21:27:00.803000Z,2024-05-14T09:56:44.031000Z,2024-05-05T21:27:01.770158Z,990.0,C8MRP57T,5,Yes,"Javascript, HTML, CSS, Python",19,Male,Other,Syrian Arab Republic,Germany,Syrian Arab Republic,English,Yes,Unemployed (and job seeking),"English, Arabic",online-hard_longest_valid_parenthesis-without-b2
6637f5daba81eea87b969d79,611d1b663a5c2ab412850a1c,APPROVED,Not Applicable,2024-05-05T21:14:06.818000Z,2024-05-05T21:37:27.171000Z,2024-05-14T09:56:44.444000Z,2024-05-05T21:37:27.671775Z,1401.0,C8MRP57T,245,Yes,"Javascript, Java, TypeScript, Swift",27,Female,Black,South Africa,South Africa,South Africa,English,Yes,Unemployed (and job seeking),English,online-hard_longest_valid_parenthesis-without-b2
6637f5f20e8f3dad9c72b7aa,62d81f26161631255f0d36bd,APPROVED,Not Applicable,2024-05-05T21:11:26.120000Z,2024-05-05T21:24:16.288000Z,2024-05-14T09:56:44.658000Z,2024-05-05T21:26:05.764097Z,771.0,C8MRP57T,524,Yes,"Java, Javascript, HTML, CSS, PHP, Python, SQL",20,Male,White,United Kingdom,United Kingdom,United Kingdom,English,Yes,Other,English,online-hard_longest_valid_parenthesis-without-b2
6637f6a1eba3279ca443bb0a,60af9bae67a5ae86b0c4bd68,APPROVED,Not Applicable,2024-05-05T21:14:09.404000Z,2024-05-05T21:32:50.311000Z,2024-05-14T09:56:44.847000Z,2024-05-05T21:32:50.792512Z,1121.0,C8MRP57T,438,Yes,"HTML, Python, Javascript",22,Male,White,United Kingdom,United Kingdom,United Kingdom,English,No,Unemployed (and job seeking),English,online-hard_longest_valid_parenthesis-without-b2
6638087538dc18dda53f890a,601ee216235cb139ff0a631f,APPROVED,Not Applicable,2024-05-05T22:36:21.841000Z,2024-05-05T23:02:24.350000Z,2024-05-14T09:56:45.061000Z,2024-05-05T23:02:25.163429Z,1563.0,C8MRP57T,117,Yes,"Java, Kotlin, SQL, TypeScript, Javascript, C#, CSS, HTML",35,Male,Asian,India,United Kingdom,India,Hindi,No,Unemployed (and job seeking),English,online-hard_longest_valid_parenthesis-without-b2
663d9da12510c4dbb53b3d6a,64424f5188239f99ac738e60,APPROVED,Not Applicable,2024-05-10T04:08:07.852000Z,2024-05-10T04:31:24.407000Z,2024-05-14T09:56:45.314000Z,2024-05-10T04:31:25.037090Z,1397.0,C8MRP57T,110,Yes,"C and C++, Java, Javascript, HTML, Matlab, Python",29,Male,White,United Kingdom,United Kingdom,United Kingdom,English,No,Full-Time,English,online-hard_longest_valid_parenthesis-without-b2
663da0796c6e3cb5ec723dcf,663b270b282ac15b9d865c7a,APPROVED,Not Applicable,2024-05-10T04:20:36.936000Z,2024-05-10T04:38:55.833000Z,2024-05-14T09:56:46.463000Z,2024-05-10T04:42:05.409643Z,1099.0,C8MRP57T,1,Yes,"C and C++, CSS, Javascript, Java, HTML, Python, SQL",21,Female,White,Australia,Australia,Australia,English,No,Full-Time,English,online-hard_longest_valid_parenthesis-without-b2
664336c3a472e0123176bef9,656ee9f847e7cb2f69ca0b62,APPROVED,Not Applicable,2024-05-14T10:02:49.694000Z,2024-05-14T10:19:56.844000Z,2024-05-14T16:35:06.535000Z,2024-05-14T10:20:53.682503Z,1028.0,C8MRP57T,41,Yes,"C#, Javascript, HTML",32,Female,White,Sweden,Sweden,Sweden,Swedish,No,Unemployed (and job seeking),"Swedish, English",online-hard_longest_valid_parenthesis-without-b2
6644cbfa92e2f72521e671be,614c8e5469405530dc27b9d5,APPROVED,Not Applicable,2024-05-15T14:51:55.654000Z,2024-05-15T15:06:50.378000Z,2024-05-16T02:19:39.711000Z,2024-05-15T15:06:51.036482Z,895.0,C8MRP57T,241,Yes,"Javascript, HTML, C#, CSS",22,Female,White,South Africa,South Africa,South Africa,English,No,Unemployed (and job seeking),English,online-hard_longest_valid_parenthesis-without-b3
6644ce67161f961a68ab4b2d,6156eb44180abbb2fd2cb6d8,APPROVED,Not Applicable,2024-05-15T15:02:05.930000Z,2024-05-15T15:18:04.039000Z,2024-05-16T02:19:39.924000Z,2024-05-15T15:18:04.609278Z,959.0,C8MRP57T,1060,Yes,"CSS, PHP, Python, SQL, HTML, Javascript",49,Male,White,United Kingdom,United Kingdom,United Kingdom,English,No,Unemployed (and job seeking),English,online-hard_longest_valid_parenthesis-without-b3
6644ced8a3d6a17d32e8908c,5b39fe0206f9f90001fb91c8,APPROVED,Not Applicable,2024-05-15T15:03:58.885000Z,2024-05-15T15:09:04.671000Z,2024-05-16T15:11:09.990000Z,2024-05-15T15:09:05.240894Z,306.0,C8MRP57T,444,Yes,"HTML, Javascript, CSS, PHP, SQL",28,Male,White,Netherlands,United Kingdom,Netherlands,Dutch,DATA_EXPIRED,DATA_EXPIRED,English,online-hard_longest_valid_parenthesis-without-b3
6644cfd01fc3e75747a3223a,654ba79df86cdb93dc6a42d3,APPROVED,Not Applicable,2024-05-15T15:09:24.809000Z,2024-05-15T15:23:29.766000Z,2024-05-16T02:19:40.125000Z,2024-05-15T15:23:30.280918Z,845.0,C8MRP57T,72,Yes,"C#, C and C++, Java, CSS, Javascript, HTML, Matlab, R, Python, SQL, TypeScript",27,Male,White,Sweden,Sweden,Sweden,Swedish,DATA_EXPIRED,Full-Time,"Swedish, English",online-hard_longest_valid_parenthesis-without-b3
6644d892e94b2773e19fab16,5ba0c90d2ff2f900019396b7,APPROVED,Not Applicable,2024-05-15T15:45:31.209000Z,2024-05-15T16:00:30.338000Z,2024-05-16T02:19:40.316000Z,2024-05-15T16:01:41.253465Z,900.0,C8MRP57T,409,Yes,"Javascript, HTML, PHP, Python, TypeScript, CSS",32,Male,White,United Kingdom,United Kingdom,United Kingdom,English,Yes,Unemployed (and job seeking),English,online-hard_longest_valid_parenthesis-without-b3
6644e31e3e3ee4dd0d6cde41,6511e688100fd33b378fa688,APPROVED,Not Applicable,2024-05-15T16:30:22.777000Z,2024-05-15T17:25:31.319000Z,2024-05-16T02:19:40.513000Z,2024-05-15T17:25:31.920861Z,3309.0,NOCODE,307,Yes,"Javascript, HTML, CSS",19,Male,White,Poland,Poland,Poland,Polish,Yes,Full-Time,"Polish, English",online-hard_longest_valid_parenthesis-without-b3
6644f7c85b5702d27fa4f73b,60087e9189ddb34b79b08be5,APPROVED,Not Applicable,2024-05-15T17:58:32.165000Z,2024-05-15T18:05:30.982000Z,2024-05-16T02:19:40.732000Z,2024-05-15T18:05:31.663480Z,419.0,C8MRP57T,1153,Yes,"C#, C and C++, CSS, Java, Javascript, HTML, PHP, Python, SQL",46,Male,White,Poland,Poland,Poland,Polish,No,Full-Time,"Polish, English, German",online-hard_longest_valid_parenthesis-without-b3
661a883ee9969cb729ac71fa,6511f1f1490c9df9f8c7890e,APPROVED,Not Applicable,2024-04-13T13:27:26.792000Z,2024-04-13T14:04:27.056000Z,2024-05-04T00:01:03.215000Z,2024-04-13T14:04:36.181338Z,2221.0,C8MRP57T,261,Yes,"C#, C and C++, CSS, Go, Javascript, HTML, Kotlin, PHP, Python, R, Ruby, Scala, Lean, Swift, SQL, TypeScript",18,Male,White,Poland,Poland,Poland,Polish,Yes,Full-Time,,online-hard_longest_valid_parenthesis-without
661a88626e66c3087e31a2bc,5f5a5b1f0093330fa4ea011f,APPROVED,Not Applicable,2024-04-13T13:28:11.576000Z,2024-04-13T13:41:20.863000Z,2024-05-04T00:01:05.004000Z,2024-04-13T13:41:23.719511Z,790.0,C8MRP57T,333,Yes,"HTML, Python, Javascript",29,Male,White,Sweden,Ireland,Sweden,Swedish,Yes,Unemployed (and job seeking),,online-hard_longest_valid_parenthesis-without
661a88be966934a75e1c6154,611e20464a435b1b494f042d,APPROVED,Not Applicable,2024-04-13T13:29:38.511000Z,2024-04-13T13:46:55.812000Z,2024-05-04T00:01:06.492000Z,2024-04-13T13:46:56.441134Z,1038.0,C8MRP57T,558,Yes,"Java, Javascript, HTML, CSS, SQL",32,Male,Black,South Africa,South Africa,South Africa,English,No,Full-Time,,online-hard_longest_valid_parenthesis-without
661a9152966934a75e1c640f,6522a42f39b5bd8f96735aa9,APPROVED,Not Applicable,2024-04-13T14:06:10.659000Z,2024-04-13T14:22:18.603000Z,2024-05-04T00:01:06.884000Z,2024-04-13T14:22:44.420378Z,968.0,C8MRP57T,271,Yes,"C and C++, CSS, Go, C#, Javascript, Java, HTML, PHP, Python, SQL, TypeScript, Lean, R, Matlab, Kotlin",28,Female,White,Poland,Poland,Poland,Polish,Yes,Full-Time,,online-hard_longest_valid_parenthesis-without
66386ed74d698cb29a72b173,615e09b45124daba0eeb3e6b,APPROVED,Not Applicable,2024-05-06T05:47:03.819000Z,2024-05-06T06:04:36.815000Z,2024-05-14T09:25:16.578000Z,2024-05-06T06:05:49.955240Z,1053.0,C8MRP57T,556,Yes,"C#, CSS, Java, Javascript, HTML, R, PHP, Python, SQL, TypeScript",35,Male,Black,South Africa,South Africa,South Africa,English,No,Full-Time,English,online-medium_find_winner-with-b2
66386fd14133feb13acff522,60a6bc4f4cb533e7e0867aab,APPROVED,Not Applicable,2024-05-06T05:51:22.360000Z,2024-05-06T06:13:08.692000Z,2024-05-14T09:25:16.912000Z,2024-05-06T06:15:52.679677Z,1307.0,C8MRP57T,150,Yes,"C#, C and C++, CSS, Java, Javascript, HTML",26,Female,Black,South Africa,South Africa,South Africa,English,DATA_EXPIRED,DATA_EXPIRED,English,online-medium_find_winner-with-b2
66386fdfc16c2393d7ed320b,66338ecbf38c676d9d783a6f,APPROVED,Not Applicable,2024-05-06T05:52:22.727000Z,2024-05-06T06:07:01.505000Z,2024-05-14T09:25:17.106000Z,2024-05-06T06:07:02.063406Z,879.0,C8MRP57T,3,Yes,"C#, C and C++, CSS, Java, Javascript, HTML, Python, PHP, SQL",32,Male,White,Namibia,New Zealand,New Zealand,English,No,Unemployed (and job seeking),English,online-medium_find_winner-with-b2
663c20372eca0a6ba0ece730,60e567bba0aef0be5a115d97,APPROVED,Not Applicable,2024-05-09T01:00:44.309000Z,2024-05-09T01:16:52.038000Z,2024-05-14T09:25:17.494000Z,2024-05-09T01:16:52.647271Z,968.0,C8MRP57T,285,Yes,"C and C++, CSS, HTML, Javascript, PHP, Python, SQL",42,Male,White,United Kingdom,United Kingdom,United Kingdom,English,No,Full-Time,English,online-medium_find_winner-with-b2
663c20499042d15ba65d66a9,654d5ff18c8cf0674dfdd737,APPROVED,Not Applicable,2024-05-09T01:01:24.055000Z,2024-05-09T01:17:49.370000Z,2024-05-14T09:25:17.732000Z,2024-05-09T01:17:50.705185Z,986.0,C8MRP57T,169,Yes,"CSS, Java, Javascript, HTML, Python, SQL",31,Male,Asian,Bangladesh,Canada,Bangladesh,Bengali,Yes,DATA_EXPIRED,"Bengali, English",online-medium_find_winner-with-b2
663c2381018dcb1553c22e15,655788501826eeea1b788f8b,APPROVED,Not Applicable,2024-05-09T01:14:48.460000Z,2024-05-09T01:30:49.936000Z,2024-05-14T09:25:18.304000Z,2024-05-09T01:31:51.660643Z,962.0,C8MRP57T,158,Yes,"Java, C and C++, Javascript, HTML, Python",21,Male,Asian,Nepal,Canada,Nepal,English,Yes,Part-Time,English,online-medium_find_winner-with-b2
66430dbbea33873f910eb891,6129091a4488538bc7654940,APPROVED,Not Applicable,2024-05-14T07:07:39.214000Z,2024-05-14T07:13:13.275000Z,2024-05-14T09:25:18.482000Z,2024-05-14T07:13:13.823452Z,335.0,C8MRP57T,95,Yes,"C#, CSS, C and C++, Javascript, HTML, Python, SQL",23,Female,Black,South Africa,South Africa,South Africa,English,Yes,Full-Time,English,online-medium_find_winner-with-b2
6644d58f16bb483a9477ec68,5f01bf065d902430eb9e209b,APPROVED,Not Applicable,2024-05-15T15:32:31.796000Z,2024-05-15T15:52:46.851000Z,2024-05-16T02:25:21.700000Z,2024-05-15T15:52:47.399824Z,1216.0,C8MRP57T,302,Yes,"HTML, Javascript, Python, SQL, PHP, CSS",33,Male,Mixed,South Africa,South Africa,South Africa,English,No,Full-Time,English,online-medium_find_winner-with-b3
6644d633476f63e51df03784,65e1d1b7409fb89918f53743,APPROVED,Not Applicable,2024-05-15T15:35:55.601000Z,2024-05-15T15:59:10.711000Z,2024-05-16T02:25:21.905000Z,2024-05-15T16:01:25.512461Z,1396.0,C8MRP57T,15,Yes,"C#, C and C++, Java, Javascript, HTML, Matlab, Python, R, SQL",23,Male,White,Brazil,France,Brazil,Portuguese,Yes,Unemployed (and job seeking),"Portuguese, French, English",online-medium_find_winner-with-b3
6644d68a255ccaccdc33c8f0,611189712a6223bedf8c162d,APPROVED,Not Applicable,2024-05-15T15:36:51.013000Z,2024-05-15T15:55:49.417000Z,2024-05-16T02:25:22.092000Z,2024-05-15T15:55:49.933178Z,1139.0,C8MRP57T,137,Yes,"Java, Matlab, R, Python, Javascript",26,Female,Mixed,Netherlands,Austria,Netherlands,Dutch,Yes,Full-Time,"Dutch, English",online-medium_find_winner-with-b3
6644d69a4e53d9118c4cd984,60be29be5264e6ed7ff6126b,APPROVED,Not Applicable,2024-05-15T15:37:07.791000Z,2024-05-15T15:51:16.163000Z,2024-05-16T02:25:22.279000Z,2024-05-15T15:51:44.122716Z,849.0,C8MRP57T,979,Yes,"C and C++, Java, Javascript, HTML, Python, SQL, Matlab, PHP",33,Male,White,Germany,Germany,Germany,German,DATA_EXPIRED,DATA_EXPIRED,"German, English",online-medium_find_winner-with-b3
6644d8138261e7d3a1473131,60eda88bc2e1c7fdc04c0971,APPROVED,Not Applicable,2024-05-15T15:43:25.214000Z,2024-05-15T15:52:31.210000Z,2024-05-16T02:25:22.501000Z,2024-05-15T15:52:31.819493Z,546.0,C8MRP57T,191,Yes,"C#, CSS, Javascript, HTML, Python, SQL",24,Male,Other,South Africa,South Africa,South Africa,English,No,Full-Time,English,online-medium_find_winner-with-b3
6645737cc046592e93bf740d,64df6fe64eaf93c4d294eb12,APPROVED,Not Applicable,2024-05-16T02:46:34.780000Z,2024-05-16T03:01:45.326000Z,2024-05-16T15:11:48.665000Z,2024-05-16T03:01:46.427104Z,911.0,C8MRP57T,17,Yes,"C#, C and C++, CSS, Java, Javascript, HTML, Python, SQL",26,Male,Mixed,South Africa,South Africa,South Africa,English,Yes,Full-Time,English,online-medium_find_winner-with-b3
661a8d2b31b72c7020935941,64eb650fbf222d6e2ec9cff9,APPROVED,Not Applicable,2024-04-13T13:48:27.006000Z,2024-04-13T14:04:10.906000Z,2024-05-04T00:00:51.849000Z,2024-04-13T14:04:26.249222Z,944.0,C8MRP57T,106,Yes,"CSS, Java, Javascript, HTML, Kotlin, Python, TypeScript",23,Male,White,Slovenia,Slovenia,Slovenia,Slovenian,Yes,Full-Time,,online-medium_find_winner-with
661a8d557a2cbdcae15d74ec,61712d83af60f4d0702f606f,APPROVED,Not Applicable,2024-04-13T13:49:09.513000Z,2024-04-13T14:04:46.189000Z,2024-05-04T00:00:52.138000Z,2024-04-13T14:04:54.926114Z,937.0,C8MRP57T,363,Yes,"C#, C and C++, CSS, Java, Javascript, HTML, Python, R, SQL",23,Male,Black,South Africa,South Africa,South Africa,English,Yes,Full-Time,,online-medium_find_winner-with
661ab271bc06539b04909549,5c5dcac26ad0f00001cc1501,APPROVED,Not Applicable,2024-04-13T16:27:29.409000Z,2024-04-13T16:38:11.806000Z,2024-05-04T00:00:52.655000Z,2024-04-13T16:41:31.345558Z,643.0,C8MRP57T,524,Yes,"PHP, HTML, Javascript",25,Male,White,Poland,Poland,Poland,Polish,Yes,Unemployed (and job seeking),,online-medium_find_winner-with
661ab421c64d42128404049b,5c5b31c415f6c30001de2df5,APPROVED,Not Applicable,2024-04-13T16:34:41.531000Z,2024-04-13T16:51:41.986000Z,2024-05-04T00:00:52.919000Z,2024-04-13T16:54:18.950215Z,1021.0,C8MRP57T,759,Yes,"C#, C and C++, Javascript, HTML, SQL, CSS",24,Male,Mixed,United Kingdom,Portugal,United Kingdom,English,No,Unemployed (and job seeking),,online-medium_find_winner-with
661b83a58194caddad46aade,6168bf1eabf324700728494b,APPROVED,Not Applicable,2024-04-14T07:21:02.711000Z,2024-04-14T07:41:16.410000Z,2024-05-05T00:00:29.725000Z,2024-04-14T07:41:17.438468Z,1214.0,C8MRP57T,52,Yes,Javascript,21,Female,Black,South Africa,South Africa,South Africa,English,Yes,Full-Time,,online-medium_find_winner-with
6638730d73b3b5300aac5109,615a14687d8069031a680e9b,APPROVED,Not Applicable,2024-05-06T06:05:15.278000Z,2024-05-06T06:20:27.417000Z,2024-05-14T10:03:56.905000Z,2024-05-06T06:20:27.949498Z,913.0,C8MRP57T,497,Yes,"Javascript, HTML, CSS, SQL",33,Male,Black,South Africa,South Africa,South Africa,English,Yes,Full-Time,English,online-medium_find_winner-without-b2
6638da13c4049281f11c8e61,61092f01d8c20f8e9e784549,APPROVED,Not Applicable,2024-05-06T13:24:35.105000Z,2024-05-06T13:42:50.642000Z,2024-05-14T10:03:57.364000Z,2024-05-06T13:42:51.449899Z,1096.0,C8MRP57T,322,Yes,"C#, C and C++, Java, Javascript, HTML, CSS, Python, SQL",42,Female,Black,Zimbabwe,South Africa,Zimbabwe,English,DATA_EXPIRED,DATA_EXPIRED,English,online-medium_find_winner-without-b2
663c21cc58d932092521a987,6120eb44c9cb47c287219598,APPROVED,Not Applicable,2024-05-09T01:07:35.262000Z,2024-05-09T01:28:03.048000Z,2024-05-14T10:03:57.556000Z,2024-05-09T01:28:03.552226Z,1228.0,C1LU833T,124,Yes,"HTML, Javascript, Java",26,Female,Black,South Africa,South Africa,South Africa,English,No,Full-Time,English,online-medium_find_winner-without-b2
663c24093cc046cb36c0a1ab,66303b3d77cdc9c216ed8a9d,APPROVED,Not Applicable,2024-05-09T01:17:01.978000Z,2024-05-09T01:37:29.496000Z,2024-05-14T10:03:57.756000Z,2024-05-09T01:37:30.103589Z,1228.0,C8MRP57T,6,Yes,"C#, C and C++, CSS, Go, Java, Javascript, HTML, Kotlin, PHP, Python, SQL, Ruby, TypeScript, Swift",25,Male,White,Italy,Italy,Italy,Italian,No,Full-Time,"Italian, English",online-medium_find_winner-without-b2
663c240a6b6f2cba9aece9c9,6623e8345875c239fcd2bd9e,APPROVED,Not Applicable,2024-05-09T01:17:24.224000Z,2024-05-09T01:29:58.207000Z,2024-05-14T10:03:57.945000Z,2024-05-09T01:29:59.523572Z,754.0,C8MRP57T,15,Yes,"CSS, Javascript, HTML, PHP, SQL, Python, Java, C and C++",21,Male,Other,United States,Mexico,United States,English,Yes,Part-Time,English,online-medium_find_winner-without-b2
663c24351dd193e3e2b06aa8,5df6304773d724428a9cff45,APPROVED,Not Applicable,2024-05-09T01:17:41.046000Z,2024-05-09T01:41:40.006000Z,2024-05-14T10:03:58.128000Z,2024-05-09T01:44:03.689628Z,1439.0,C8MRP57T,327,Yes,"C#, C and C++, Javascript, Java, HTML",25,Female,White,Portugal,Portugal,Portugal,Portuguese,Yes,Other,"Portuguese, English",online-medium_find_winner-without-b2
66430dcb99026ced337f90df,6611da82eccdd337a7ce65ee,APPROVED,Not Applicable,2024-05-14T07:09:01.271000Z,2024-05-14T07:23:15.475000Z,2024-05-14T10:03:58.370000Z,2024-05-14T07:23:16.055910Z,855.0,C8MRP57T,33,Yes,"CSS, Java, Javascript, HTML, PHP, SQL",20,Female,White,United States,Australia,Australia,English,Yes,Unemployed (and job seeking),English,online-medium_find_winner-without-b2
66430fd9d5a303035cf4e868,6112750106250f3a55d1e28d,APPROVED,Not Applicable,2024-05-14T07:17:53.014000Z,2024-05-14T07:37:07.463000Z,2024-05-14T10:03:58.582000Z,2024-05-14T07:37:08.299958Z,1155.0,C8MRP57T,324,Yes,"C#, C and C++, CSS, Java, Javascript, HTML",28,Female,Black,South Africa,South Africa,South Africa,English,No,Full-Time,English,online-medium_find_winner-without-b2
66433901c088e6fb6aeca15f,60e75e7f069a9a811800b74a,APPROVED,Not Applicable,2024-05-14T10:12:17.883000Z,2024-05-14T10:21:22.071000Z,2024-05-14T16:36:15.945000Z,2024-05-14T10:21:22.583286Z,545.0,C8MRP57T,92,Yes,"HTML, Javascript",25,Male,Black,South Africa,South Africa,South Africa,English,Yes,Full-Time,English,online-medium_find_winner-without-b2
6644dbc62f7ceafbc582d685,5f172fe7c89bde065a7e120e,APPROVED,Not Applicable,2024-05-15T15:59:09.395000Z,2024-05-15T16:08:55.239000Z,2024-05-16T02:34:37.230000Z,2024-05-15T16:08:55.799529Z,586.0,C8MRP57T,683,Yes,"C and C++, Java, Javascript, HTML, PHP, SQL",68,Male,White,United Kingdom,United Kingdom,United Kingdom,English,No,Full-Time,English,online-medium_find_winner-without-b3
6644dbca1c80a7625051c531,64d23e803ee1da9a01e52faa,APPROVED,Not Applicable,2024-05-15T15:59:15.937000Z,2024-05-15T16:19:34.285000Z,2024-05-16T02:34:37.647000Z,2024-05-15T16:19:47.301650Z,1219.0,C8MRP57T,160,Yes,"C#, Javascript, HTML, SQL, TypeScript",25,Female,Black,South Africa,South Africa,South Africa,English,No,Full-Time,"English, Other",online-medium_find_winner-without-b3
6644eddd2e3000a1d9645be4,61378d6b7827f7a08486eb84,APPROVED,Not Applicable,2024-05-15T17:16:13.090000Z,2024-05-15T17:41:14.021000Z,2024-05-16T02:34:38.239000Z,2024-05-15T17:41:15.231615Z,1501.0,C8MRP57T,641,Yes,"Java, HTML, Javascript",26,Male,Mixed,Chile,Chile,Chile,Spanish,Yes,Full-Time,"Spanish, English",online-medium_find_winner-without-b3
6645737de2bdc9ec8b32e334,6169a9e467cae08f6a6d3698,APPROVED,Not Applicable,2024-05-16T02:46:33.114000Z,2024-05-16T02:58:27.052000Z,2024-05-16T15:14:37.240000Z,2024-05-16T02:58:31.184693Z,714.0,C8MRP57T,249,Yes,"Javascript, HTML, Python",46,Male,White,Canada,Canada,Canada,English,DATA_EXPIRED,Full-Time,English,online-medium_find_winner-without-b3
664579e700f522cd6b488fcf,6474ce47e76e9b169b175cee,APPROVED,Not Applicable,2024-05-16T03:13:51.032000Z,2024-05-16T03:38:01.062000Z,2024-05-16T15:14:37.536000Z,2024-05-16T03:38:12.070701Z,1451.0,C8MRP57T,54,Yes,"CSS, Javascript, HTML",21,Female,Mixed,Australia,New Zealand,Australia,English,Yes,Other,English,online-medium_find_winner-without-b3
661a8bc73be6bad54c2668c2,5a60a51863394a0001552447,APPROVED,Not Applicable,2024-04-13T13:42:34.717000Z,2024-04-13T14:01:16.851000Z,2024-05-04T00:00:53.829000Z,2024-04-13T14:01:42.981690Z,1123.0,C8MRP57T,376,Yes,"C and C++, CSS, Java, Javascript, HTML, SQL, TypeScript",27,Female,White,Portugal,Portugal,Portugal,Portuguese,No,Full-Time,,online-medium_find_winner-without
661a8dbe3be6bad54c26695d,65fb4091fe89197d0e19987c,APPROVED,Not Applicable,2024-04-13T13:50:54.501000Z,2024-04-13T14:01:02.004000Z,2024-05-04T00:00:54.491000Z,2024-04-13T14:01:29.195712Z,608.0,C8MRP57T,3,Yes,"C#, C and C++, CSS, Java, Javascript, HTML, Python, R, SQL, TypeScript, PHP",21,Male,White,Morocco,France,Morocco,Arabic,Yes,Part-Time,,online-medium_find_winner-without
661a9fd3ac3cddf50c353323,607728dc0b4f8590b94ae57c,APPROVED,Not Applicable,2024-04-13T15:11:33.156000Z,2024-04-13T15:28:07.504000Z,2024-05-04T00:00:54.838000Z,2024-04-13T15:28:08.362783Z,995.0,C8MRP57T,1080,Yes,"Javascript, HTML, CSS, Python, SQL, TypeScript",32,Male,White,Chile,Chile,Chile,Spanish,No,Full-Time,,online-medium_find_winner-without
663872f96df648c2b3043a5f,6529416fca661cf7ee143821,APPROVED,Not Applicable,2024-05-06T06:04:45.874000Z,2024-05-06T06:20:43.103000Z,2024-05-14T10:09:03.254000Z,2024-05-06T06:20:43.942096Z,958.0,C8MRP57T,89,Yes,"C#, Java, C and C++, CSS, HTML, Javascript, Python, Matlab, PHP, SQL",29,Female,Black,South Africa,South Africa,South Africa,English,No,Full-Time,"Afrikaans, English",online-medium_validate_BST-with-b2
663873f6c16c2393d7ed3291,6011c91e496f2f16d61402e7,APPROVED,Not Applicable,2024-05-06T06:08:59.765000Z,2024-05-06T06:54:20.938000Z,2024-05-14T10:09:03.573000Z,2024-05-06T06:54:22.232375Z,2722.0,C8MRP57T,334,Yes,"C and C++, C#, Java, CSS, Javascript, HTML, Matlab, Python, R, SQL, TypeScript",23,Male,White,South Africa,South Africa,South Africa,English,Yes,Full-Time,English,online-medium_validate_BST-with-b2
6638745815d9d6cbc03f668a,662f826869bc43d3dbbc8d9f,APPROVED,Not Applicable,2024-05-06T06:10:35.385000Z,2024-05-06T06:25:41.093000Z,2024-05-14T10:09:03.764000Z,2024-05-06T06:27:06.760579Z,906.0,C8MRP57T,6,Yes,"C#, C and C++, CSS, Javascript, HTML, PHP, Python, SQL",19,Male,White,Syrian Arab Republic,Austria,Syrian Arab Republic,Arabic,No,Part-Time,"Arabic, English, German",online-medium_validate_BST-with-b2
6638756ba42b581cec043522,615b38fbee37c31346d21b1c,APPROVED,Not Applicable,2024-05-06T06:16:39.990000Z,2024-05-06T06:41:01.558000Z,2024-05-14T10:09:03.976000Z,2024-05-06T06:41:02.143627Z,1462.0,C8MRP57T,410,Yes,"HTML, CSS, Javascript, SQL",31,Female,Black,South Africa,South Africa,South Africa,English,No,Full-Time,English,online-medium_validate_BST-with-b2
663c1feb6538e1d40fad3598,65c783e5704051956c8ff924,APPROVED,Not Applicable,2024-05-09T00:59:36.879000Z,2024-05-09T01:14:08.983000Z,2024-05-14T10:09:04.380000Z,2024-05-09T01:14:09.540779Z,873.0,C8MRP57T,53,Yes,"C#, C and C++, HTML, Javascript, Java, Matlab, Python",22,Male,Asian,China,Canada,China,Mandarin,Yes,Part-Time,English,online-medium_validate_BST-with-b2
663c1ff0386b5fcbf8e1c334,66303b3d77cdc9c216ed8a9d,APPROVED,Not Applicable,2024-05-09T00:59:31.061000Z,2024-05-09T01:16:36.610000Z,2024-05-14T10:09:04.584000Z,2024-05-09T01:16:37.375997Z,1026.0,C8MRP57T,6,Yes,"C#, C and C++, CSS, Go, Java, Javascript, HTML, Kotlin, PHP, Python, SQL, Ruby, TypeScript, Swift",25,Male,White,Italy,Italy,Italy,Italian,No,Full-Time,"Italian, English",online-medium_validate_BST-with-b2
663c202dfde505eeeb5415cc,657dc1eca553ae8ee187d53e,APPROVED,Not Applicable,2024-05-09T01:01:01.688000Z,2024-05-09T01:13:17.423000Z,2024-05-14T10:09:04.813000Z,2024-05-09T01:13:17.869975Z,736.0,C8MRP57T,241,Yes,"Javascript, Java, C and C++, CSS, HTML, PHP, Python, SQL",23,Female,Asian,Nepal,Canada,Nepal,Nepali,No,Full-Time,English,online-medium_validate_BST-with-b2
66433abc3d73d359e7fc6b0c,612681578c97326c99eb14d3,APPROVED,Not Applicable,2024-05-14T10:20:00.294000Z,2024-05-14T10:28:15.075000Z,2024-05-14T17:13:12.949000Z,2024-05-14T10:28:17.617208Z,495.0,C8MRP57T,138,Yes,"C#, CSS, Java, Javascript, HTML, Kotlin, Python, SQL",23,Female,White,Estonia,Finland,Estonia,Estonian,Yes,Full-Time,"English, Finnish, Estonian",online-medium_validate_BST-with-b2
6644e5b6d46e28ec596d1614,61085eb72ce70a498366f602,APPROVED,Not Applicable,2024-05-15T16:44:39.974000Z,2024-05-15T17:01:42.199000Z,2024-05-16T14:11:42.854000Z,2024-05-15T17:01:42.810607Z,1023.0,C8MRP57T,297,Yes,"C#, CSS, Java, Javascript, HTML, PHP, Python, SQL, C and C++",21,Male,White,Portugal,Portugal,Portugal,Portuguese,Yes,Full-Time,"Portuguese, English",online-medium_validate_BST-with-b3
6644e6204fb85a2d36b991dc,614929e5dc437220dafb260c,APPROVED,Not Applicable,2024-05-15T16:43:33.119000Z,2024-05-15T17:05:40.576000Z,2024-05-16T14:11:43.350000Z,2024-05-15T17:05:41.197481Z,1328.0,C8MRP57T,298,Yes,"Javascript, HTML, CSS, Python, SQL",21,Female,Black,South Africa,South Africa,United Kingdom,English,Yes,Full-Time,English,online-medium_validate_BST-with-b3
6644e81ec0f80f852e93a00a,603ec9304e3f3200d7ed2ead,APPROVED,Not Applicable,2024-05-15T16:51:56.110000Z,2024-05-15T17:14:06.940000Z,2024-05-16T14:11:43.755000Z,2024-05-15T17:14:07.524853Z,1331.0,C8MRP57T,205,Yes,"Java, Javascript, CSS, HTML, Python, SQL",30,Male,White,United Kingdom,United Kingdom,United Kingdom,English,No,Full-Time,English,online-medium_validate_BST-with-b3
6644e85ef933dcdd705daa81,6583290296d9a7dea982e013,APPROVED,Not Applicable,2024-05-15T16:52:56.523000Z,2024-05-15T17:08:29.676000Z,2024-05-16T14:11:44.310000Z,2024-05-15T17:10:50.302623Z,934.0,C8MRP57T,189,Yes,"C and C++, CSS, Javascript, HTML, Python, SQL, TypeScript",34,Male,DATA_EXPIRED,Ghana,United Kingdom,Ghana,English,Yes,DATA_EXPIRED,English,online-medium_validate_BST-with-b3
664616bf09bfe9f5f86de723,63c7bb2ae745777e97741ee4,APPROVED,Not Applicable,2024-05-16T14:24:13.662000Z,2024-05-16T14:38:22.492000Z,2024-05-16T15:22:28.883000Z,2024-05-16T14:39:26.391053Z,849.0,C8MRP57T,496,Yes,"C#, CSS, Javascript, HTML",19,Female,White,Australia,Australia,Australia,English,Yes,Unemployed (and job seeking),English,online-medium_validate_BST-with-b3
661b86877a2cbdcae15da36b,5fdcad62eed16d2504b27f5a,APPROVED,Not Applicable,2024-04-14T07:32:23.102000Z,2024-04-14T07:55:17.828000Z,2024-05-05T00:00:37.046000Z,2024-04-14T07:55:52.750469Z,1375.0,C8MRP57T,274,Yes,"CSS, Javascript, Java, HTML, PHP, Python, SQL",20,Female,Black,Congo the Democratic Republic of the,South Africa,Congo the Democratic Republic of the,English,Yes,Full-Time,,online-medium_validate_BST-with
6637ecb857f5151fafe3f46b,64a6f9c781f425259aba5e4a,APPROVED,Not Applicable,2024-05-05T20:31:56.308000Z,2024-05-05T20:38:55.129000Z,2024-05-14T09:08:19.134000Z,2024-05-05T20:38:56.199596Z,419.0,C8MRP57T,33,Yes,"C#, C and C++, CSS, Java, Javascript, HTML, Matlab, Python, SQL",20,Male,White,Canada,Canada,Canada,English,Yes,Full-Time,English,online-medium_validate_BST-with
6638713c5caa9582dcdd32a4,65b9019d4b66bcd86a2b6ec5,APPROVED,Not Applicable,2024-05-06T05:57:33.304000Z,2024-05-06T06:20:02.348000Z,2024-05-14T10:10:18.812000Z,2024-05-06T08:01:23.345138Z,1350.0,C8MRP57T,25,Yes,"CSS, Java, Javascript, HTML, PHP, Python, SQL",26,Female,White,Hungary,Hungary,Hungary,Hungarian,No,Full-Time,"Hungarian, English",online-medium_validate_BST-without-b2
663875224133feb13acff5c8,614d8fbb82f1d17aa02851fa,APPROVED,Not Applicable,2024-05-06T06:16:43.374000Z,2024-05-06T06:29:37.805000Z,2024-05-14T10:10:19.229000Z,2024-05-06T06:29:38.331104Z,775.0,C8MRP57T,1,Yes,Javascript,28,Male,Black,South Africa,South Africa,South Africa,English,No,Full-Time,"English, Other",online-medium_validate_BST-without-b2
66387537a42b581cec043512,610ba8fced24e6ce1c89c68c,APPROVED,Not Applicable,2024-05-06T06:23:53.196000Z,2024-05-06T06:38:53.984000Z,2024-05-14T10:10:19.634000Z,2024-05-06T06:38:54.510371Z,901.0,C8MRP57T,334,Yes,"C#, C and C++, Javascript, HTML, CSS, SQL, TypeScript",31,Female,Black,South Africa,South Africa,South Africa,English,No,Full-Time,English,online-medium_validate_BST-without-b2
66387d3093f10c69d7b62115,6094ce8d0764c24f352d1fe5,APPROVED,Not Applicable,2024-05-06T06:48:16.361000Z,2024-05-06T07:11:53.542000Z,2024-05-14T10:10:20.504000Z,2024-05-06T07:11:54.925978Z,1418.0,C8MRP57T,95,Yes,"CSS, Javascript, Java, HTML, Python",21,Male,Black,South Africa,South Africa,South Africa,English,Yes,Unemployed (and job seeking),English,online-medium_validate_BST-without-b2
663c20068ba8335795083a6d,5f1f5fe94154031594d4e345,APPROVED,Not Applicable,2024-05-09T01:00:10.202000Z,2024-05-09T01:20:12.181000Z,2024-05-14T10:10:20.898000Z,2024-05-09T01:21:38.011178Z,1202.0,C8MRP57T,579,Yes,"Java, Javascript, HTML, SQL, C and C++, CSS",37,Male,White,Hungary,Hungary,Hungary,Hungarian,No,Unemployed (and job seeking),"English, Hungarian",online-medium_validate_BST-without-b2
663c2008f7186f1e64d42bea,64401b8dc61551f15637634b,APPROVED,Not Applicable,2024-05-09T00:59:52.108000Z,2024-05-09T01:16:11.226000Z,2024-05-14T10:10:21.288000Z,2024-05-09T01:16:12.012267Z,980.0,C8MRP57T,745,Yes,"Java, Kotlin, HTML, Javascript, Python, SQL, Swift, TypeScript",31,Male,Other,Egypt,United Kingdom,Egypt,Arabic,No,Due to start a new job within the next month,"English, Arabic",online-medium_validate_BST-without-b2
663c216ecf8d5c34e93b1e19,6525e82c59ec5a1ce71b9f27,APPROVED,Not Applicable,2024-05-09T01:06:06.075000Z,2024-05-09T01:24:25.663000Z,2024-05-14T10:10:21.732000Z,2024-05-09T01:24:39.727979Z,1100.0,C8MRP57T,259,Yes,"C#, CSS, Java, Javascript, HTML, PHP, Python, SQL, TypeScript",37,Male,White,Colombia,Canada,Canada,English,Yes,Full-Time,"Spanish, English",online-medium_validate_BST-without-b2
663c2241f6b5b24e7f41250e,65dcb8de27f5cb588f25952f,APPROVED,Not Applicable,2024-05-09T01:09:37.405000Z,2024-05-09T01:32:51.266000Z,2024-05-14T10:10:22.164000Z,2024-05-09T01:34:05.225987Z,1394.0,C8MRP57T,227,Yes,"C#, Javascript, Python, SQL",48,Male,White,United States,United States,United States,English,No,Full-Time,English,online-medium_validate_BST-without-b2
663c29a08a2df774396dd86d,659973d85dffc3c84fb51ec4,APPROVED,Not Applicable,2024-05-09T01:40:48.842000Z,2024-05-09T02:32:26.582000Z,2024-05-14T10:10:22.609000Z,2024-05-09T02:33:07.272658Z,3098.0,NOCODE,186,Yes,"C#, C and C++, Java, CSS, Javascript, HTML, PHP, Python, SQL",40,Female,White,Poland,Poland,Poland,Polish,No,Full-Time,"English, German, Polish",online-medium_validate_BST-without-b2
6644df6829f458719642f65f,650eff6cc0027471d6e1cc27,APPROVED,Not Applicable,2024-05-15T16:14:32.013000Z,2024-05-15T16:27:15.193000Z,2024-05-16T14:22:31.320000Z,2024-05-15T16:30:15.467404Z,764.0,C8MRP57T,23,Yes,"C and C++, C#, Java, Javascript, HTML, Matlab, Python",22,Male,White,Portugal,Portugal,Portugal,Spanish,Yes,Other,English,online-medium_validate_BST-without-b3
6644e18dff6c902e814661d1,60ae750dbba4a1822e957e68,APPROVED,Not Applicable,2024-05-15T16:23:47.337000Z,2024-05-15T16:47:53.608000Z,2024-05-16T14:22:31.735000Z,2024-05-15T16:47:54.231757Z,1447.0,C8MRP57T,1015,Yes,"C and C++, C#, Javascript, HTML, PHP",39,Male,White,France,United Kingdom,France,French,No,DATA_EXPIRED,"French, English, Indonesian",online-medium_validate_BST-without-b3
6644e22224258195d716208a,65bc0b7d67c3b127986fe002,APPROVED,Not Applicable,2024-05-15T16:26:20.450000Z,2024-05-15T16:43:26.852000Z,2024-05-16T14:22:32.275000Z,2024-05-15T16:44:00.079094Z,1027.0,CN05E64M,36,Yes,"Javascript, TypeScript",30,Male,Black,South Africa,South Africa,South Africa,English,Yes,Full-Time,"English, Other",online-medium_validate_BST-without-b3
6644e35dae51c8cefec39b62,6168e39eeeb42428028ff420,APPROVED,Not Applicable,2024-05-15T16:38:29.680000Z,2024-05-15T16:58:17.076000Z,2024-05-16T14:22:32.536000Z,2024-05-15T16:59:31.344391Z,1188.0,C8MRP57T,132,Yes,"C#, Javascript, HTML, CSS, Python, PHP",22,Female,Black,South Africa,South Africa,South Africa,English,Yes,Unemployed (and job seeking),"English, Afrikaans",online-medium_validate_BST-without-b3
6644e43eb5a37628258a651b,60f882dc7ca7b1a971cd2742,APPROVED,Not Applicable,2024-05-15T16:37:36.059000Z,2024-05-15T16:55:44.640000Z,2024-05-16T14:22:33.085000Z,2024-05-15T16:55:45.346568Z,1089.0,C8MRP57T,49,Yes,"C#, C and C++, CSS, Java, Javascript, HTML, Python, R, SQL",30,Male,Black,South Africa,South Africa,South Africa,English,No,Full-Time,English,online-medium_validate_BST-without-b3
6644e5db6f5cff92c469a11b,663b6d84a0d3ecfe9217c822,APPROVED,Not Applicable,2024-05-15T16:43:24.969000Z,2024-05-15T16:59:23.106000Z,2024-05-16T14:22:33.400000Z,2024-05-15T16:59:58.637631Z,959.0,C8MRP57T,6,Yes,"C and C++, Java, Javascript, HTML, CSS, Python, TypeScript",29,Male,Mixed,Sweden,Sweden,Sweden,Swedish,No,Full-Time,"English, Swedish",online-medium_validate_BST-without-b3
661b81e84e491538b51c9bd0,650b5155a7df63a5df87a7ed,APPROVED,Not Applicable,2024-04-14T07:12:40.629000Z,2024-04-14T07:25:52.966000Z,2024-05-05T00:00:25.011000Z,2024-04-14T07:25:53.833413Z,793.0,C8MRP57T,117,Yes,"Java, HTML, Python, SQL, CSS, C#, Javascript, PHP",25,Male,Asian,Sri Lanka,Latvia,Sri Lanka,English,Yes,Part-Time,,online-medium_validate_BST-without
661b8319a8820f7913de8376,60f514c8104b6a16e44f77a9,APPROVED,Not Applicable,2024-04-14T07:17:52.247000Z,2024-04-14T07:37:31.186000Z,2024-05-05T00:00:26.194000Z,2024-04-14T07:37:32.530778Z,1179.0,C8MRP57T,449,Yes,"CSS, Javascript, HTML, TypeScript",28,Female,Black,South Africa,South Africa,South Africa,English,Yes,Full-Time,,online-medium_validate_BST-without
